{
  "generatedAt": "2026-05-08T07:10:10.802Z",
  "config": {
    "count": 200,
    "intervalMs": 1,
    "sizes": [
      64,
      128,
      256,
      512,
      1024,
      1280,
      1514
    ]
  },
  "results": [
    {
      "size": 64,
      "stats": {
        "txCount": 200,
        "rxCount": 200,
        "lossPct": 0,
        "throughputMbps": 0.43264842411867344,
        "rxThroughputMbps": 0.43264842411867344,
        "latencyUs": {
          "count": 200,
          "min": -3511.296,
          "max": -2997.504,
          "mean": -3357.7791999999986,
          "stddev": 93.56215817604891,
          "p50": -3372.544,
          "p95": -3162.88,
          "p99": -3027.2
        },
        "latencyAdjustedUs": {
          "count": 200,
          "min": 0,
          "max": 513.7919999999999,
          "mean": 153.51679999999982,
          "stddev": 93.56215817604894,
          "p50": 138.75199999999995,
          "p95": 348.4159999999997,
          "p99": 484.096
        },
        "jitterUs": {
          "count": 199,
          "min": 0,
          "max": 398.0799999999999,
          "mean": 34.73881407035176,
          "stddev": 58.66523253017669,
          "p50": 14.592000000000098,
          "p95": 156.1600000000003,
          "p99": 286.9760000000001
        }
      }
    },
    {
      "size": 128,
      "stats": {
        "txCount": 200,
        "rxCount": 200,
        "lossPct": 0,
        "throughputMbps": 0.8410793055273491,
        "rxThroughputMbps": 0.8410793055273491,
        "latencyUs": {
          "count": 200,
          "min": -3496.96,
          "max": -3008.512,
          "mean": -3374.8032000000017,
          "stddev": 65.19964905917824,
          "p50": -3370.752,
          "p95": -3269.12,
          "p99": -3171.84
        },
        "latencyAdjustedUs": {
          "count": 200,
          "min": 0,
          "max": 488.44799999999987,
          "mean": 122.1568,
          "stddev": 65.19964905917821,
          "p50": 126.20800000000008,
          "p95": 227.84000000000015,
          "p99": 325.1199999999999
        },
        "jitterUs": {
          "count": 199,
          "min": 0,
          "max": 488.44799999999987,
          "mean": 32.967396984924626,
          "stddev": 56.4648888859502,
          "p50": 12.288000000000011,
          "p95": 101.88800000000037,
          "p99": 264.7040000000002
        }
      }
    },
    {
      "size": 256,
      "stats": {
        "txCount": 200,
        "rxCount": 200,
        "lossPct": 0,
        "throughputMbps": 1.7190785572065501,
        "rxThroughputMbps": 1.7190785572065501,
        "latencyUs": {
          "count": 200,
          "min": -3470.08,
          "max": -3253.248,
          "mean": -3395.080960000001,
          "stddev": 26.640061339989444,
          "p50": -3393.024,
          "p95": -3365.888,
          "p99": -3330.304
        },
        "latencyAdjustedUs": {
          "count": 200,
          "min": 0,
          "max": 216.83199999999988,
          "mean": 74.99903999999994,
          "stddev": 26.640061339989444,
          "p50": 77.05600000000004,
          "p95": 104.19200000000001,
          "p99": 139.77599999999984
        },
        "jitterUs": {
          "count": 199,
          "min": 0,
          "max": 184.57600000000002,
          "mean": 18.724020100502518,
          "stddev": 24.02976243521903,
          "p50": 8.447999999999865,
          "p95": 62.46399999999994,
          "p99": 98.55999999999995
        }
      }
    },
    {
      "size": 512,
      "stats": {
        "txCount": 200,
        "rxCount": 200,
        "lossPct": 0,
        "throughputMbps": 3.3559911486661895,
        "rxThroughputMbps": 3.3559911486661895,
        "latencyUs": {
          "count": 200,
          "min": -3495.424,
          "max": -2960.64,
          "mean": -3360.794880000001,
          "stddev": 74.48961906967712,
          "p50": -3361.792,
          "p95": -3231.744,
          "p99": -3148.544
        },
        "latencyAdjustedUs": {
          "count": 200,
          "min": 0,
          "max": 534.7840000000001,
          "mean": 134.62912000000003,
          "stddev": 74.48961906967708,
          "p50": 133.63200000000006,
          "p95": 263.67999999999984,
          "p99": 346.8800000000001
        },
        "jitterUs": {
          "count": 199,
          "min": 0,
          "max": 459.00800000000027,
          "mean": 42.771296482412055,
          "stddev": 64.42419196216143,
          "p50": 17.920000000000073,
          "p95": 174.07999999999993,
          "p99": 259.5840000000003
        }
      }
    },
    {
      "size": 1024,
      "stats": {
        "txCount": 200,
        "rxCount": 200,
        "lossPct": 0,
        "throughputMbps": 5.955634218048313,
        "rxThroughputMbps": 5.955634218048313,
        "latencyUs": {
          "count": 200,
          "min": -3482.88,
          "max": -2934.016,
          "mean": -3340.025599999999,
          "stddev": 79.31717218559925,
          "p50": -3342.336,
          "p95": -3225.088,
          "p99": -2973.44
        },
        "latencyAdjustedUs": {
          "count": 200,
          "min": 0,
          "max": 548.864,
          "mean": 142.8544000000002,
          "stddev": 79.31717218559925,
          "p50": 140.54400000000032,
          "p95": 257.7919999999999,
          "p99": 509.44000000000005
        },
        "jitterUs": {
          "count": 199,
          "min": 0,
          "max": 530.4319999999998,
          "mean": 48.65415075376884,
          "stddev": 87.47719396963639,
          "p50": 20.735999999999876,
          "p95": 204.54399999999987,
          "p99": 475.3919999999998
        }
      }
    },
    {
      "size": 1280,
      "stats": {
        "txCount": 200,
        "rxCount": 200,
        "lossPct": 0,
        "throughputMbps": 7.094266661187555,
        "rxThroughputMbps": 7.094266661187555,
        "latencyUs": {
          "count": 200,
          "min": -3448.32,
          "max": -2901.248,
          "mean": -3334.3744000000006,
          "stddev": 71.67748567018795,
          "p50": -3342.848,
          "p95": -3225.088,
          "p99": -3014.656
        },
        "latencyAdjustedUs": {
          "count": 200,
          "min": 0,
          "max": 547.0720000000001,
          "mean": 113.94560000000016,
          "stddev": 71.67748567018795,
          "p50": 105.47200000000021,
          "p95": 223.23199999999997,
          "p99": 433.6640000000002
        },
        "jitterUs": {
          "count": 199,
          "min": 0,
          "max": 429.5680000000002,
          "mean": 34.8172864321608,
          "stddev": 58.76372314603017,
          "p50": 15.871999999999844,
          "p95": 128,
          "p99": 297.2159999999999
        }
      }
    },
    {
      "size": 1514,
      "stats": {
        "txCount": 200,
        "rxCount": 200,
        "lossPct": 0,
        "throughputMbps": 8.845458731413583,
        "rxThroughputMbps": 8.845458731413583,
        "latencyUs": {
          "count": 200,
          "min": -3494.912,
          "max": -3255.296,
          "mean": -3366.0287999999982,
          "stddev": 38.07738828018541,
          "p50": -3356.928,
          "p95": -3321.6,
          "p99": -3270.144
        },
        "latencyAdjustedUs": {
          "count": 200,
          "min": 0,
          "max": 239.61599999999999,
          "mean": 128.88319999999973,
          "stddev": 38.07738828018542,
          "p50": 137.98399999999992,
          "p95": 173.3119999999999,
          "p99": 224.76800000000003
        },
        "jitterUs": {
          "count": 199,
          "min": 0,
          "max": 151.03999999999996,
          "mean": 23.917346733668364,
          "stddev": 26.767475448101187,
          "p50": 16.384000000000015,
          "p95": 81.15200000000004,
          "p99": 111.8720000000003
        }
      }
    }
  ]
}